fake;fake
MRMCEMOR;Социальная карта Мордовии
MRMCORB;Карта Оренбуржца
MPMCNNSF;карта «Ситикард»
VPTRP7;карта
VSMNNS;карта «Ситикард»
VMCSEVER;Мультикарта
MRPVCMS;Мультикарта
CCVSP;Карта возможностей
VMCRZD;Мультикарта
MRUIRECRUIT;Мультикарта
MPMCNN;карта «Ситикард»
MRCLSMZD;карта
MRMCKID;Детская Мультикарта
MRDCCM1;Карта Москвича
MRPVMNNSF;карта «Ситикард»
CCBETSUM;карта ВТБ-ЦУМ
MIRMAUI;Мультикарта
MRMCSMRRPKS;Карта жителя Самарской области
VCU;Мультикарта
DCMKVPT;Карта возможностей
PPVS;карта
VSSVTB24;карта
MRMCSMR;Карта жителя Самарской области
DMRPSUP;Цифровая Мультикарта MIR Supreme
MPMCE;ЭкоМультикарта
VSMTS;карта
MRMCSMRRU;Карта жителя Самарской области
MRPVMTRS;Мультикарта «Тройка»
MRGLSMZD;карта
MRMCPM;Мультикарта
VMCTRS;Мультикарта «Тройка»
VMCELDOR;Мультикарта
MRVSHS;карта
VGS;карта
MWV;карта
VSMS;карта
MRPVMNNS;карта «Ситикард»
VIVFIFA;карта
MPMCTRS;Мультикарта «Тройка»
MRKAM;Карта учащегося
MBMNNSF;карта «Ситикард»
MRMCSMRCU;Карта жителя Самарской области
DCUGKV;Карта возможностей
DVPTSUM;Цифровая карта ВТБ-ЦУМ
VS;карта
VITR;карта
CCMRKVPI;карта
MRMCNN;карта «Ситикард»
MPSVTB24;карта
MRMCSKH;Мультикарта
VPTRP7A1;карта
PPMCW;карта
DCMKV;Карта возможностей
DMTSUM;Цифровая карта ВТБ-ЦУМ
MBA0P9M;Автокарта
MRDCCMMD;Мультикарта
MPS;карта
MRMCMOAV;Мультикарта
DCBETSUM;Цифровая карта ВТБ-ЦУМ
MRMCSMRCPS;Карта жителя Самарской области
VSMNN;карта «Ситикард»
VPMCE;ЭкоМультикарта
MRPLS;карта
MTSUM;карта ВТБ-ЦУМ
DMPRPTSUM;Цифровая карта ВТБ-ЦУМ
VGV0P3;карта
MRMCSMRS;Карта жителя Самарской области
MRPSUPS;карта
MRMCSMRRES;Карта жителя Самарской области
VSA0P9;Автокарта
MSSKMZ;Мультикарта
MRMCNNSF;карта «Ситикард»
MRMCEKATS;Единая Социальная карта «Уралочка»
MRMCMSKSUBF;Карта Москвича
VCIM;Мультикарта
DMPTSUM;Цифровая карта ВТБ-ЦУМ
MRMCPE;ЭкоМультикарта
DUPIPRPMC;карта
MU;Мультикарта
MGSAVD;карта
MRMCEKATKS;Единая Социальная карта «Уралочка»
MRMCP;Мультикарта
MRPVSVTB24;карта
MGSKMZ;Мультикарта
MRPLSMO;карта
MSS;карта
MGTRP3;карта
PPVI;карта
MBTRP9;карта
VIA;Автокарта
MRMCOMSKNLGS;Единая карта Омска
VSMNNSF;карта «Ситикард»
MRMCORBKS;Карта Оренбуржца
VSME;карта
DMRPMC;карта
MRDCCMZP1;Карта Москвича
MBMNNF;карта «Ситикард»
VIPKID;карта
MGV0P3;карта
VSTRS;карта
DCUPKVP;Карта возможностей
DCVKVPT;Карта возможностей
MRPVMNNF;карта «Ситикард»
MBV0P9M;карта
VSMFIFA;карта
MRMCEKAT;Единая Социальная карта «Уралочка»
VSV0P9;карта
VCS;карта
MRMCVSHS;Мультикарта
VCSVTB24;карта
MRMCEMORS;Социальная карта Мордовии
MRPVMT;карта
MRMCOMSKSTS;Единая карта Омска
MRPVSUP;карта
PPMB;карта
VID;карта
DCVKV;Карта возможностей
CCMBKVTP;Карта Возможностей
MRMCE;ЭкоМультикарта
MRMCSMRCES;Карта жителя Самарской области
MBTRS;карта
MIRMAS;Мультикарта
DMPMC;Цифровая Мультикарта
VIFIFA;карта
VSFIFA;карта
DMRMC;Цифровая Мультикарта
MSSAVD;карта
MG;карта
VPMCT;Мультикарта
MP2;карта
MRPROVER;карта
DVPRPMC;карта
VMCFIFA;Мультикарта
VIV;карта
MBM;карта
DCMRKVM;Карта возможностей
MIRMCL;карта
ME;карта
VSV0P9M;карта
MRMCPMOR;карта «Приморец»
MIRMMKS;Мультикарта
MRMCOMSKPNSS;Единая карта Омска
DVPRPTSUM;Цифровая карта ВТБ-ЦУМ
DMPRPMC;Цифровая Мультикарта
VPMCNN;карта «Ситикард»
MRMCSMRRUKS;Карта жителя Самарской области
VCCASH;карта
MRMCOMSKS;Единая карта Омска
MRMCEMORKS;Социальная карта Мордовии
MIRMA;Мультикарта
CCMBP;Карта возможностей
MRMCSMRCPKS;Карта жителя Самарской области
VPSVTB24;карта
DMMC;Цифровая Мультикарта
VPMCKID;Детская Мультикарта
VSS;карта
MGSVTB24;карта
MPMC;Мультикарта
MRMCS;Мультикарта
VSMKID;карта
MP1;карта
DUPIMC;Цифровая Мультикарта
VPRPTSUM;карта ВТБ-ЦУМ
MRPL;карта
MSSVTB24;карта
VMCTR;Мультикарта «Тройка»
MIRMMK;Мультикарта
VPMCNNF;карта «Ситикард»
MUIRUAMC;Автокарта
MRPVMEKPS;Единая карта петербуржца
MRPVM;Мультикарта
VITRFIFA;карта
VPMCNNSF;карта «Ситикард»
MPSAVD;карта
MRMCSMRRP;Карта жителя Самарской области
MPRPTSUM;карта ВТБ-ЦУМ
MRMCSMRCE;Карта жителя Самарской области
VMGCOB;ВТБ-Магнит
MRMCORBSNF;Карта Оренбуржца
MBS;карта
DUPIPMC;Цифровая Мультикарта
MRMCSFSS;Мультикарта
MBSAVE;карта
MRPV;карта
MRDEKP1S;Единая карта петербуржца
MRMC;Мультикарта
VPMCNNS;карта «Ситикард»
MPMCKID;Детская Мультикарта
MRPVCM;Мультикарта
MSCASH;карта
MS;карта
DVMC;Цифровая Мультикарта
MRMCOMSKSTKS;Единая карта Омска
MRMCSMO;Мультикарта
MRMCORBS;Карта Оренбуржца
MRMCOMSKNELG;Единая карта Омска
MWPJ;карта
MIRUI;Мультикарта
VSTRP9M;карта
MRCL;карта
MBMS;карта
CCMRPM;Мультикарта
DMRPVSUP;Цифровая Мультикарта MIR Supreme
CCVGM;Карта возможностей
CCMWM;Карта возможностей
MRMCSKHS;Мультикарта
MRMCMOMN;Мультикарта
MPMCS;Мультикарта
MRPVME;ЭкоМультикарта
MRCLSMO;карта
MRMCOMSKPNS;Единая карта Омска
VIPFIFA;карта
MBV0P9;карта
MRCLSVTB24;карта
MRMCSMVDO;Мультикарта
MPMCDN;Мультикарта
VMVCOB;карта ВТБ-МВИДЕО
MRPVSUPS;карта
MRMCSAMTR;Мультикарта
MRMCSFAGT;Мультикарта
VSM;карта
VPV0P7;карта
MIRMAPE;карта
MRMCMOMX;Мультикарта
MRMCMSKMVDF;Карта Москвича
MRPLSVTB24;карта
MB;карта
MRMCORBKSNF;Карта Оренбуржца
DMWPSPH;карта
VPTSUM;карта ВТБ-ЦУМ
VGA0P3;Автокарта
MRMCOMSKSHK;Единая карта Омска
VPMCS;Мультикарта
MBMNNS;карта «Ситикард»
VGSVTB24;карта
MCWD;карта
MRMCNNS;карта «Ситикард»
MCW;карта
MPMCT;карта
MRPVJ;карта
MRMCSMVDTR;Мультикарта
VPMCSVTB24;Мультикарта
MBMTS;карта
VTSUM;карта ВТБ-ЦУМ
MRGL;карта
MUS;Мультикарта
DMCQR;Цифровая Мультикарта
VUS;Мультикарта
MBMNN;карта «Ситикард»
VSTRP9;карта
DVTSUM;Цифровая карта ВТБ-ЦУМ
VGTRP3A1;карта
MRMCEMORKID;Социальная карта Мордовии
MRMCTR;Мультикарта «Тройка»
MRMCSMRKS;Карта жителя Самарской области
DVPMC;карта
VCI;Мультикарта
MRMCSMRCEKS;Карта жителя Самарской области
MIRMAP;карта
MRMCSADOVOD;карта
MGMCSKMZ;Мультикарта
MIRMAPS;карта
MRMCMSKNF;Карта Москвича
VSSAVE;карта
DMRPRPMC;Цифровая Мультикарта
MRMCVLGD;карта «Забота»
VP2;карта
MRMCOMSKFEDS;Единая карта Омска
MRNNDEB;карта
MPTRP7;карта
MRMCSMRCUKS;Карта жителя Самарской области
MRPVMTR;Мультикарта «Тройка»
MRMCSMRCUS;Карта жителя Самарской области
DCMKVP;Карта возможностей
MRMSKF;Карта Москвича
MRMCSMRRPS;Карта жителя Самарской области
VSTRP9MFIFA;карта
MPMCNNS;карта «Ситикард»
MPA0P7;Автокарта
MRMCVLGDS;карта «Забота»
MRMCTRS;Мультикарта «Тройка»
MRPVMNN;карта «Ситикард»
VPA0P7;Автокарта
MRMCKZB;Мультикарта
MRGLSMO;карта
MRMCSKHF;Мультикарта
MRMCPMORS;карта «Приморец»
VC;карта
VSA0P9M;Автокарта
CCVSKVP;Карта Возможностей
MPMCSKVS;Мультикарта
MRMCSVTB24;Мультикарта
VMCMVID;карта ВТБ-МВИДЕО
MPV0P7;карта
MIRMPV;карта
MBA0P9;Автокарта
MRMCSKHSF;Мультикарта
MRMCOMSKST;Единая карта Омска
MRMCSMRREKS;Карта жителя Самарской области
MRMCT;Мультикарта
MRMCSMRCP;Карта жителя Самарской области
CCVSKVTP;Карта Возможностей
VG;карта
VSV0P9MFIFA;карта
MRMCSMRRE;Карта жителя Самарской области
VIAFIFA;Автокарта
VSMNNF;карта «Ситикард»
MRMCMSKBSF;Карта Москвича
MRPVS;карта
MBTR;карта
CCMBKVP;Карта Возможностей
MRPVMS;Мультикарта
MBMKID;карта
CCMRPP;карта
MWPSPH;карта
VSTR;карта
VIPJ;карта
VI;карта
MWPKID;карта
MRMCSKHKS;Мультикарта
MRMCOMSKFED;Единая карта Омска
VSMT;карта
MWP;карта
MWA;Автокарта
MIRMAE;ЭкоМультикарта
MRGLSVTB24;карта
VP1;карта
VSA0P9MFIFA;Автокарта
MRGLS;карта
MUI;Мультикарта
MPMCTR;Мультикарта «Тройка»
MRMCMSKUCHF;Карта Москвича
MPMCSAVD;Мультикарта
MRCLS;карта
MWPS;карта
MRPVPS;карта
MWPE;карта
DCMRKVP;карта
VIP;карта
MRMCORBNF;Карта Оренбуржца
MRMCNNKS;карта «Ситикард»
MRDEKP1;Единая карта петербуржца
DCVKVP;Карта возможностей
MRMCSKHKSF;Мультикарта
MGA0P3;Автокарта
CCMRKVM;Карта возможностей
MIRMPVS;карта
MRMCSMRRUS;Карта жителя Самарской области
MPMCSVTB24;Мультикарта
VPMC;Мультикарта
MPTSUM;карта ВТБ-ЦУМ
MPMCNNF;карта «Ситикард»
MRMCNNKSF;карта «Ситикард»
MRMSKPPF;Карта Москвича
MBME;ЭкоМультикарта
VIPS;карта
VGTRP3;карта
VSTRP9A1;карта
VMCSFPK;Мультикарта
CCMUI;Карта возможностей
MRMCSVP;Мультикарта
MBTRP9M;карта
VCIMAVL;карта Автолюбитель
MGMGSKMZ;Мультикарта
MRPVPKID;карта
MRDCCMZP2;Карта Москвича
MRPVMKID;карта
MPMCSFPK;Мультикарта
MRMCMSKSTDF;Карта Москвича
MRMCNNF;карта «Ситикард»
VPS;карта
VIPE;карта
MRPVMEKP;Единая карта петербуржца
CCMRKVMI;Карта возможностей
MRDEB;карта
VSSAVEFIFA;карта
MBSVTB24;карта
MRPVP;карта
CCMRKVP;карта
MBMT;карта
MRCLOVER;карта
MRPSUP;карта
MGS;карта
CCVCI;Карта возможностей
MRMCOMSK;Единая карта Омска
